{"cameraMode":{"drawMode":0,"name":"Shaded","section":"Shading Mode"},"sceneLighting":true,"audioPlay":false,"sceneViewState":{"showFog":true,"showMaterialUpdate":false,"showSkybox":true,"showFlares":true,"showImageEffects":true,"showParticleSystems":true},"in2DMode":false,"pivot":{"x":6.550000190734863,"y":1.7999999523162842,"z":10.0},"rotation":{"x":-0.04353385418653488,"y":0.9561339020729065,"z":-0.21732716262340547,"w":-0.191533625125885},"size":16.29144287109375,"orthographic":false}